<?xml version="1.0"?>
<Runs Version="1" Minor="0">
	<Run Id="system_processing_system7_0_0_synth_1" LaunchDir="C:/Users/cse/cs4601/custom_ip_lab/custom_ip_lab.runs/system_processing_system7_0_0_synth_1" FlowId="Vivado_Synthesis" FromStepId="vivado" ToStepId="vivado"/>
	<Run Id="system_rst_ps7_0_100M_0_synth_1" LaunchDir="C:/Users/cse/cs4601/custom_ip_lab/custom_ip_lab.runs/system_rst_ps7_0_100M_0_synth_1" FlowId="Vivado_Synthesis" FromStepId="vivado" ToStepId="vivado"/>
	<Run Id="system_customip_lab_0_0_synth_1" LaunchDir="C:/Users/cse/cs4601/custom_ip_lab/custom_ip_lab.runs/system_customip_lab_0_0_synth_1" FlowId="Vivado_Synthesis" FromStepId="vivado" ToStepId="vivado"/>
	<Run Id="system_auto_pc_0_synth_1" LaunchDir="C:/Users/cse/cs4601/custom_ip_lab/custom_ip_lab.runs/system_auto_pc_0_synth_1" FlowId="Vivado_Synthesis" FromStepId="vivado" ToStepId="vivado"/>
	<Run Id="synth_1" LaunchDir="C:/Users/cse/cs4601/custom_ip_lab/custom_ip_lab.runs/synth_1" FlowId="Vivado_Synthesis" FromStepId="vivado" ToStepId="vivado">
		<Parent Id="system_processing_system7_0_0_synth_1"/>
		<Parent Id="system_rst_ps7_0_100M_0_synth_1"/>
		<Parent Id="system_customip_lab_0_0_synth_1"/>
		<Parent Id="system_auto_pc_0_synth_1"/>
	</Run>
	<Run Id="impl_1" LaunchDir="C:/Users/cse/cs4601/custom_ip_lab/custom_ip_lab.runs/impl_1" FlowId="Vivado_Implementation" FromStepId="init_design" ToStepId="write_bitstream">
		<Parent Id="synth_1"/>
		<Parent Id="system_processing_system7_0_0_synth_1"/>
		<Parent Id="system_rst_ps7_0_100M_0_synth_1"/>
		<Parent Id="system_customip_lab_0_0_synth_1"/>
		<Parent Id="system_auto_pc_0_synth_1"/>
	</Run>
</Runs>

