<?xml version="1.0" encoding="UTF-8"?>
<GenRun Id="synth_1" LaunchPart="xc7z020clg484-1" LaunchTime="1551926939">
  <File Type="RDS-PROPCONSTRS" Name="customip_lab_v1_0_drc_synth.rpt"/>
  <File Type="PA-TCL" Name="customip_lab_v1_0.tcl"/>
  <File Type="RDS-RDS" Name="customip_lab_v1_0.vds"/>
  <File Type="RDS-UTIL" Name="customip_lab_v1_0_utilization_synth.rpt"/>
  <File Type="RDS-UTIL-PB" Name="customip_lab_v1_0_utilization_synth.pb"/>
  <File Type="RDS-DCP" Name="customip_lab_v1_0.dcp"/>
  <File Type="VDS-TIMINGSUMMARY" Name="customip_lab_v1_0_timing_summary_synth.rpt"/>
  <File Type="VDS-TIMING-PB" Name="customip_lab_v1_0_timing_summary_synth.pb"/>
  <FileSet Name="sources" Type="DesignSrcs" RelSrcDir="$PSRCDIR/sources_1">
    <Filter Type="Srcs"/>
    <File Path="$PPRDIR/../../../ip_repo/customip_lab_1.0/hdl/customip_lab_v1_0_S00_AXI.vhd">
      <FileInfo>
        <Attr Name="UsedIn" Val="synthesis"/>
        <Attr Name="UsedIn" Val="simulation"/>
      </FileInfo>
    </File>
    <File Path="$PPRDIR/../../../ip_repo/customip_lab_1.0/hdl/customip_lab_v1_0.vhd">
      <FileInfo>
        <Attr Name="UsedIn" Val="synthesis"/>
        <Attr Name="UsedIn" Val="simulation"/>
      </FileInfo>
    </File>
    <File Path="$PPRDIR/../../../ip_repo/customip_lab_1.0/component.xml">
      <FileInfo SFType="IPXACT"/>
    </File>
    <File Path="$PPRDIR/../../../ip_repo/customip_lab_1.0/hdl/timer.vhd">
      <FileInfo>
        <Attr Name="UsedIn" Val="synthesis"/>
        <Attr Name="UsedIn" Val="simulation"/>
      </FileInfo>
    </File>
    <File Path="$PPRDIR/../../../ip_repo/customip_lab_1.0/hdl/fifo/fifo.bd">
      <FileInfo>
        <Attr Name="UsedIn" Val="synthesis"/>
        <Attr Name="UsedIn" Val="implementation"/>
        <Attr Name="UsedIn" Val="simulation"/>
      </FileInfo>
    </File>
    <File Path="$PPRDIR/../../../ip_repo/customip_lab_1.0/hdl/fifo/hdl/fifo_wrapper.vhd">
      <FileInfo>
        <Attr Name="UsedIn" Val="synthesis"/>
        <Attr Name="UsedIn" Val="simulation"/>
      </FileInfo>
    </File>
    <Config>
      <Option Name="DesignMode" Val="RTL"/>
      <Option Name="TopModule" Val="customip_lab_v1_0"/>
      <Option Name="TopRTLFile" Val="$PPRDIR/../../../ip_repo/customip_lab_1.0/hdl/customip_lab_v1_0.vhd"/>
    </Config>
  </FileSet>
  <FileSet Name="constrs_in" Type="Constrs" RelSrcDir="$PSRCDIR/constrs_1">
    <Filter Type="Constrs"/>
    <Config>
      <Option Name="ConstrsType" Val="XDC"/>
    </Config>
  </FileSet>
  <Strategy Version="1" Minor="2">
    <StratHandle Name="Vivado Synthesis Defaults" Flow="Vivado Synthesis 2017"/>
    <Step Id="synth_design"/>
  </Strategy>
  <BlockFileSet Type="BlockSrcs" Name="fifo_fifo_generator_0_0"/>
</GenRun>
